transaction_id,user_id,timestamp,description,amount,product_id
T000017,U0119,2023-04-15 01:04:00,payment,1796.38,P0058
T000029,U0362,2023-07-09 22:34:00,donation,2099.08,P0134
T000030,U0074,2023-09-09 00:21:00,payment,2486.08,P0007
T000032,U0051,2023-08-06 19:13:00,subscription,164.09,P0027
T000033,U0333,2023-09-07 12:00:00,donation,3425.4,P0131
T000036,U0138,2023-03-08 15:50:00,subscription,1269.71,P0046
T000037,U0226,2023-06-30 22:43:00,donation,4687.73,P0120
T000038,U0178,2023-05-02 10:34:00,subscription,1686.71,P0049
T000041,U0167,2023-12-21 02:39:00,subscription,2462.07,P0043
T000058,U0391,2023-03-03 22:47:00,payment,1356.05,P0152
T000061,U0422,2023-06-18 00:11:00,purchase,674.15,P0165
T000066,U0377,2023-02-14 16:06:00,donation lottery,9302.28486233712,P0125
T000069,U0261,2023-05-06 18:56:00,purchase,2885.51,P0109
T000072,U0267,2023-05-04 15:26:00,subscription,4366.26,P0116
T000075,U0122,2023-01-04 02:06:00,purchase,4450.58,P0066
T000079,U0087,2023-07-14 19:09:00,payment,4915.89,P0016
T000081,U0357,2023-10-17 07:01:00,payment,296.99,P0147
T000082,U0446,2023-06-14 03:29:00,donation,3980.03,P0163
T000101,U0473,2023-11-22 17:57:00,donation,4987.13,P0182
T000104,U0279,2023-12-17 23:01:00,donation,709.39,P0109
T000105,U0175,2023-04-24 09:36:00,donation,4943.03,P0060
T000108,U0063,2023-08-29 08:06:00,payment,2405.19,P0019
T000110,U0017,2023-09-30 16:15:00,payment,1151.19,P0028
T000111,U0115,2023-12-03 20:28:00,subscription,2020.14,P0063
T000115,U0433,2023-11-08 16:48:00,payment,3807.91,P0188
T000116,U0114,2023-11-10 20:19:00,purchase,2568.71,P0075
T000119,U0026,2023-10-12 12:12:00,payment,3565.13,P0002
T000124,U0458,2023-08-12 04:10:00,subscription,2614.75,P0163
T000142,U0229,2023-10-06 02:17:00,purchase,4783.96,P0103
T000145,U0356,2023-10-28 15:00:00,donation,3472.39,P0130
T000165,U0492,2023-02-11 13:44:00,purchase,1374.28,P0168
T000167,U0284,2023-07-12 10:57:00,payment lottery,1038.5616840960129,P0095
T000168,U0335,2023-06-02 09:21:00,payment,4954.71,P0159
T000176,U0325,2023-11-13 05:43:00,donation,4123.15,P0153
T000177,U0452,2023-09-20 03:06:00,donation,2623.52,P0195
T000178,U0296,2023-03-15 16:05:00,donation,2845.77,P0100
T000191,U0002,2023-05-13 09:58:00,purchase,2168.62,P0031
T000192,U0302,2023-10-12 07:05:00,payment,2829.99,P0136
T000200,U0490,2023-11-25 04:58:00,donation,115.08,P0172
T000201,U0098,2023-05-10 01:25:00,payment,2191.81,P0005
T000223,U0486,2023-06-16 01:10:00,subscription,4931.87,P0175
T000228,U0003,2023-03-07 14:39:00,purchase,4865.74,P0031
T000231,U0091,2023-06-02 20:00:00,donation,3334.09,P0009
T000238,U0468,2023-10-23 15:28:00,purchase,3034.31,P0187
T000241,U0117,2023-02-09 20:16:00,purchase,3155.22,P0075
T000244,U0276,2023-08-13 05:32:00,purchase lottery,11972.835838047864,P0103
T000245,U0126,2023-05-29 07:38:00,donation,4408.13,P0059
T000246,U0176,2023-03-18 08:12:00,subscription,3942.19,P0041
T000249,U0363,2023-01-29 22:10:00,donation,1461.22,P0137
T000254,U0008,2023-08-30 21:27:00,subscription,3204.07,P0017
T000258,U0077,2023-11-10 04:18:00,donation,4492.01,P0030
T000263,U0128,2023-09-05 19:13:00,purchase,4416.22,P0078
T000264,U0034,2023-06-07 15:59:00,payment,2592.07,P0015
T000266,U0125,2023-05-16 07:07:00,payment,2077.79,P0050
T000288,U0426,2023-11-20 19:10:00,subscription transfer,21921.788655930195,P0196
T000293,U0105,2023-01-23 22:37:00,subscription,3578.07,P0048
T000294,U0261,2023-07-14 21:39:00,purchase,1883.42,P0094
T000302,U0020,2023-06-07 08:55:00,purchase,797.53,P0022
T000306,U0278,2023-07-20 23:40:00,subscription urgent,19503.51960624335,P0116
T000310,U0221,2023-07-13 10:53:00,subscription,1491.29,P0110
T000328,U0137,2023-11-02 15:18:00,subscription,2197.22,P0078
T000329,U0494,2023-02-01 11:09:00,donation,615.62,P0174
T000330,U0236,2023-06-21 13:07:00,purchase,525.55,P0101
T000332,U0190,2023-01-31 12:39:00,donation,1495.7,P0071
T000335,U0054,2023-10-24 23:38:00,payment,3436.05,P0033
T000337,U0385,2023-06-26 10:31:00,payment,4986.38,P0144
T000338,U0354,2023-05-24 15:42:00,payment,3761.16,P0141
T000341,U0442,2023-05-08 00:59:00,payment,4233.47,P0172
T000344,U0262,2023-04-13 16:03:00,donation,3280.82,P0116
T000345,U0431,2023-07-17 22:23:00,donation,2845.55,P0173
T000348,U0198,2023-11-12 20:28:00,donation,2595.3,P0046
T000349,U0243,2023-04-12 14:19:00,subscription,892.42,P0105
T000350,U0255,2023-12-14 21:09:00,subscription,1161.18,P0097
T000361,U0364,2023-12-14 17:35:00,purchase,2070.23,P0126
T000373,U0358,2023-06-05 02:36:00,purchase,2707.81,P0144
T000375,U0085,2023-04-30 04:59:00,donation,3186.25,P0019
T000387,U0079,2023-05-21 09:37:00,subscription,4861.49,P0009
T000390,U0111,2023-03-05 16:56:00,donation,4483.07,P0068
T000392,U0310,2023-10-13 13:30:00,subscription,3130.99,P0144
T000396,U0431,2023-10-27 18:37:00,subscription refund,1159.5910421492129,P0174
T000405,U0020,2023-06-17 18:10:00,subscription,2078.51,P0013
T000409,U0339,2023-10-07 16:57:00,donation,3548.41,P0155
T000415,U0449,2023-02-14 02:10:00,donation,1208.39,P0187
T000425,U0264,2023-06-05 13:54:00,purchase,4319.13,P0092
T000429,U0173,2023-08-16 08:53:00,donation,2255.98,P0053
T000433,U0159,2023-01-31 04:43:00,payment,882.99,P0054
T000442,U0352,2023-11-24 03:41:00,donation,1557.82,P0126
T000451,U0382,2023-02-27 09:06:00,subscription,1755.79,P0126
T000455,U0400,2023-12-12 05:21:00,subscription,3256.74,P0123
T000459,U0145,2023-11-10 11:49:00,purchase,2940.09,P0061
T000460,U0289,2023-10-11 16:31:00,donation,1073.69,P0092
T000470,U0366,2023-04-05 14:28:00,donation,293.71,P0135
T000482,U0357,2023-03-02 17:15:00,payment,2781.95,P0159
T000486,U0274,2023-07-07 05:50:00,donation,1656.83,P0117
T000487,U0365,2023-12-06 07:07:00,donation,2186.45,P0136
T000488,U0166,2023-05-06 01:50:00,donation urgent,99.80890116352732,P0061
T000492,U0369,2023-06-08 14:51:00,purchase,4984.68,P0140
T000505,U0387,2023-01-19 04:01:00,payment,856.28,P0137
T000509,U0300,2023-03-22 16:30:00,donation,2160.36,P0087
T000512,U0048,2023-11-02 21:55:00,payment,802.78,P0025
T000515,U0104,2023-02-27 18:42:00,purchase,2779.26,P0068
T000517,U0174,2023-06-04 01:16:00,purchase,201.99,P0065
T000525,U0299,2023-10-20 01:18:00,payment,58.74,P0083
T000529,U0493,2023-01-21 12:55:00,payment,3429.75,P0173
T000541,U0308,2023-06-15 10:09:00,payment urgent,1614.796372658294,P0142
T000547,U0457,2023-01-31 13:29:00,donation,1435.34,P0161
T000552,U0498,2023-10-02 09:17:00,payment,4651.17,P0199
T000558,U0156,2023-12-03 05:36:00,purchase,2411.8,P0077
T000567,U0185,2023-12-30 09:54:00,donation,3481.77,P0058
T000571,U0476,2023-06-14 19:34:00,purchase refund,14876.50047093142,P0177
T000572,U0138,2023-03-12 11:35:00,subscription,3798.31,P0042
T000576,U0081,2023-05-10 13:48:00,purchase,912.86,P0018
T000582,U0390,2023-10-01 08:37:00,donation,3876.96,P0141
T000586,U0187,2023-09-08 10:59:00,subscription,582.07,P0043
T000592,U0484,2023-09-03 18:52:00,payment,2334.38,P0190
T000613,U0220,2023-02-10 10:58:00,payment,3784.18,P0086
T000617,U0354,2023-12-16 05:07:00,donation,612.86,P0157
T000618,U0392,2023-09-09 16:16:00,subscription,3961.12,P0158
T000619,U0108,2023-03-27 23:26:00,purchase,1969.0,P0047
T000624,U0091,2023-06-07 17:11:00,purchase,3324.43,P0027
T000629,U0278,2023-06-29 00:15:00,subscription,3012.76,P0096
T000631,U0050,2023-12-29 08:43:00,purchase,260.37,P0029
T000638,U0494,2023-12-29 06:42:00,purchase,3387.19,P0162
T000639,U0151,2023-05-20 21:51:00,purchase transfer,2342.21049966441,P0050
T000645,U0035,2023-10-31 04:32:00,subscription,232.94,P0037
T000647,U0180,2023-03-20 13:18:00,subscription,3944.9,P0043
T000656,U0273,2023-10-08 07:42:00,subscription,3044.62,P0115
T000658,U0343,2023-11-13 20:32:00,subscription,3473.05,P0133
T000663,U0075,2023-05-21 07:55:00,payment,49.78,P0037
T000678,U0160,2023-03-30 14:52:00,donation,2360.97,P0056
T000682,U0413,2023-04-08 00:30:00,payment,1962.79,P0168
T000689,U0432,2023-12-23 22:59:00,subscription,2827.49,P0187
T000698,U0055,2023-02-27 02:20:00,subscription,1760.29,P0014
T000700,U0159,2023-05-20 09:37:00,payment,277.57,P0045
T000704,U0171,2023-11-09 08:54:00,payment lottery,7251.031724064585,P0060
T000709,U0072,2023-11-22 13:17:00,subscription,2636.17,P0021
T000712,U0200,2023-08-09 14:59:00,payment,882.3,P0078
T000724,U0275,2023-03-18 23:57:00,subscription,2392.4,P0091
T000726,U0369,2023-10-23 00:13:00,purchase,492.63,P0137
T000730,U0039,2023-05-01 04:38:00,purchase,4398.53,P0034
T000735,U0384,2023-08-21 12:33:00,donation,695.6,P0134
T000751,U0462,2023-06-29 04:06:00,donation,2347.93,P0200
T000757,U0161,2023-12-28 23:51:00,payment lottery,10859.768108377615,P0062
T000763,U0337,2023-07-23 23:23:00,purchase,1845.48,P0135
T000764,U0147,2023-02-01 11:14:00,subscription,3729.1,P0056
T000771,U0243,2023-08-02 14:41:00,purchase,2050.03,P0095
T000773,U0089,2023-07-12 15:47:00,donation,877.95,P0034
T000777,U0267,2023-08-17 14:59:00,subscription,569.32,P0096
T000781,U0175,2023-01-30 17:41:00,payment,1227.73,P0050
T000800,U0416,2023-05-03 15:43:00,purchase,4815.16,P0189
T000802,U0331,2023-06-12 15:31:00,subscription,1714.97,P0148
T000808,U0373,2023-11-29 06:09:00,payment,4922.94,P0132
T000812,U0089,2023-05-08 05:32:00,subscription,1350.19,P0030
T000814,U0197,2023-09-14 00:28:00,subscription urgent,7269.900507911207,P0055
T000825,U0333,2023-08-08 13:21:00,donation,4325.96,P0144
T000826,U0011,2023-09-04 12:06:00,subscription,70.66,P0014
T000831,U0153,2023-07-04 21:38:00,payment,2546.52,P0079
T000836,U0483,2023-01-04 16:01:00,purchase,2051.32,P0177
T000838,U0316,2023-04-02 20:27:00,purchase,3765.46,P0129
T000843,U0225,2023-08-22 08:11:00,purchase,4868.42,P0086
T000845,U0288,2023-05-11 05:49:00,purchase,1965.39,P0118
T000848,U0224,2023-04-19 05:33:00,donation,2097.34,P0107
T000859,U0079,2023-05-14 17:44:00,subscription,3835.17,P0005
T000861,U0038,2023-11-03 20:49:00,payment,1720.09,P0003
T000873,U0395,2023-03-22 06:39:00,purchase,1047.44,P0155
T000874,U0419,2023-11-12 18:40:00,purchase,3300.42,P0174
T000875,U0447,2023-08-15 08:51:00,subscription,2256.34,P0164
T000879,U0202,2023-12-10 08:59:00,donation,4003.36,P0119
T000888,U0308,2023-01-02 10:43:00,donation,2302.82,P0134
T000891,U0362,2023-08-23 07:26:00,subscription,2015.69,P0146
T000898,U0353,2023-11-11 18:49:00,donation,2728.01,P0153
T000901,U0360,2023-02-21 12:53:00,donation refund,3954.977100987696,P0122
T000903,U0279,2023-02-06 09:37:00,payment,2734.94,P0120
T000904,U0412,2023-11-15 09:14:00,payment,2895.48,P0182
T000907,U0500,2023-03-20 09:01:00,donation,2797.02,P0180
T000915,U0480,2023-12-29 05:31:00,donation,1917.91,P0161
T000917,U0083,2023-12-31 21:17:00,subscription,206.01,P0027
T000923,U0077,2023-04-03 08:06:00,donation,3497.98,P0037
T000933,U0158,2023-12-28 11:44:00,donation lottery,5493.705054936402,P0079
T000938,U0012,2023-05-03 01:00:00,subscription,50.79,P0008
T000939,U0258,2023-03-18 15:36:00,donation,3977.61,P0099
T000940,U0284,2023-01-08 08:35:00,donation,4066.95,P0111
T000946,U0342,2023-10-14 23:22:00,subscription,4071.21,P0148
T000948,U0432,2023-11-24 16:38:00,purchase,1726.9,P0181
T000951,U0207,2023-08-18 12:04:00,purchase,3476.15,P0089
T000952,U0022,2023-09-24 23:59:00,subscription urgent,1035.9466927692663,P0011
T000957,U0212,2023-03-06 10:13:00,donation,3119.01,P0109
T000962,U0204,2023-12-26 23:38:00,payment,3824.58,P0106
T000965,U0335,2023-07-14 20:57:00,subscription,2304.15,P0159
T000966,U0066,2023-03-11 21:39:00,subscription,4691.25,P0037
T000971,U0318,2023-10-27 12:16:00,donation,4206.6,P0149
T000973,U0269,2023-04-25 22:29:00,donation,664.51,P0112
T000974,U0287,2023-12-30 01:51:00,subscription,3724.24,P0108
T000976,U0059,2023-06-19 19:08:00,subscription,3853.21,P0038
T000983,U0091,2023-02-28 15:35:00,subscription,870.12,P0014
T000993,U0264,2023-12-30 08:27:00,payment,527.14,P0101
T001010,U0402,2023-03-10 15:02:00,subscription,2964.37,P0186
T001017,U0113,2023-03-24 12:52:00,payment,2560.87,P0065
T001021,U0365,2023-03-04 23:17:00,purchase,4570.62,P0148
T001032,U0475,2023-03-14 06:35:00,subscription,1436.54,P0165
T001039,U0021,2023-10-29 11:56:00,donation,4838.84,P0025
T001041,U0155,2023-04-26 08:10:00,subscription,1337.12,P0070
T001042,U0321,2023-07-04 12:45:00,donation,4018.63,P0154
T001047,U0389,2023-02-24 09:54:00,purchase,467.07,P0144
T001051,U0172,2023-08-23 03:00:00,donation,310.97,P0064
T001053,U0493,2023-01-02 15:42:00,subscription,1598.36,P0173
T001054,U0306,2023-01-03 18:37:00,purchase,4613.21,P0153
T001057,U0498,2023-05-23 00:56:00,payment,2062.45,P0198
T001059,U0075,2023-11-10 03:50:00,subscription,670.69,P0022
T001064,U0105,2023-09-05 19:38:00,donation,1230.41,P0043
T001073,U0135,2023-11-10 13:49:00,donation,1104.96,P0063
T001077,U0092,2023-01-29 00:34:00,payment,3574.78,P0028
T001079,U0270,2023-09-08 17:08:00,donation,1304.71,P0108
T001086,U0175,2023-08-30 21:06:00,payment,1290.14,P0046
T001088,U0204,2023-04-08 05:17:00,donation,1877.43,P0084
T001089,U0089,2023-02-21 07:30:00,donation,4387.65,P0018
T001092,U0237,2023-02-13 18:08:00,subscription,3923.19,P0110
T001107,U0049,2023-12-30 11:25:00,donation,2281.46,P0040
T001111,U0414,2023-02-28 22:45:00,subscription,1728.14,P0181
T001113,U0474,2023-06-09 15:30:00,donation urgent,10902.002693632983,P0178
T001114,U0050,2023-11-28 23:10:00,payment,4495.59,P0040
T001116,U0355,2023-08-11 09:49:00,donation,3227.95,P0156
T001126,U0320,2023-01-28 22:57:00,payment,121.31,P0125
T001131,U0122,2023-11-01 09:49:00,donation,2900.21,P0056
T001132,U0493,2023-11-28 17:35:00,donation,4738.56,P0170
T001133,U0009,2023-03-24 05:20:00,donation,4647.47,P0002
T001134,U0202,2023-06-05 16:24:00,donation,128.54,P0105
T001135,U0497,2023-04-22 10:13:00,purchase,3304.83,P0173
T001141,U0277,2023-03-26 04:28:00,purchase,2885.98,P0113
T001149,U0085,2023-09-01 22:47:00,payment,3125.55,P0030
T001153,U0423,2023-08-09 19:14:00,donation,1601.79,P0187
T001154,U0371,2023-11-30 09:31:00,payment,3961.47,P0132
T001157,U0200,2023-03-05 16:53:00,donation,3467.67,P0068
T001158,U0319,2023-06-19 04:54:00,purchase,1928.54,P0157
T001161,U0148,2023-03-02 00:46:00,purchase,2129.05,P0043
T001178,U0473,2023-03-18 17:37:00,purchase,3345.42,P0194
T001179,U0496,2023-11-03 06:58:00,subscription,2519.39,P0183
T001182,U0253,2023-03-31 19:43:00,donation,4527.22,P0101
T001184,U0049,2023-03-28 09:12:00,payment,4836.65,P0008
T001199,U0177,2023-01-21 13:25:00,purchase,2662.04,P0077
T001200,U0059,2023-04-27 09:19:00,purchase,1383.87,P0019
T001211,U0331,2023-02-03 18:57:00,donation,1481.34,P0153
T001213,U0443,2023-11-23 02:52:00,donation,3004.02,P0165
T001232,U0247,2023-02-16 20:00:00,payment,4357.45,P0102
T001233,U0387,2023-10-26 12:53:00,payment,791.8,P0159
T001236,U0179,2023-12-19 06:36:00,donation,245.89,P0070
T001237,U0166,2023-02-03 09:43:00,subscription,3558.35,P0061
T001239,U0174,2023-12-24 05:25:00,subscription,4359.59,P0073
T001246,U0056,2023-02-19 07:20:00,payment,1819.99,P0007
T001249,U0189,2023-09-16 02:19:00,subscription,1192.13,P0068
T001265,U0347,2023-03-15 13:52:00,donation,2039.52,P0160
T001276,U0036,2023-05-20 13:49:00,subscription,4446.33,P0032
T001277,U0130,2023-11-23 15:44:00,payment,4744.71,P0044
T001291,U0287,2023-06-21 16:27:00,purchase,1921.16,P0110
T001293,U0004,2023-05-25 23:15:00,payment,2734.19,P0024
T001296,U0335,2023-07-24 00:40:00,purchase,149.67,P0156
T001312,U0018,2023-10-08 20:46:00,subscription,1181.83,P0038
T001318,U0316,2023-08-03 17:24:00,subscription,2142.51,P0127
T001324,U0258,2023-07-07 23:28:00,donation,1683.53,P0095
T001325,U0042,2023-05-30 11:25:00,purchase,3874.16,P0004
T001326,U0288,2023-12-26 10:38:00,subscription,1187.73,P0111
T001327,U0027,2023-02-18 18:02:00,donation,3359.29,P0030
T001334,U0315,2023-12-23 15:02:00,donation,1759.22,P0159
T001335,U0117,2023-08-19 17:25:00,donation,662.63,P0050
T001336,U0472,2023-12-21 12:11:00,payment transfer,2621.883784639106,P0166
T001338,U0450,2023-04-13 01:52:00,purchase,2648.51,P0185
T001341,U0444,2023-08-31 13:35:00,purchase,3476.04,P0165
T001342,U0039,2023-04-16 13:36:00,subscription,2572.08,P0036
T001353,U0008,2023-11-02 01:18:00,purchase,3653.86,P0012
T001355,U0230,2023-01-18 23:48:00,payment,3983.29,P0095
T001359,U0229,2023-11-21 14:29:00,payment,3999.22,P0099
T001362,U0024,2023-10-29 11:39:00,payment,4479.94,P0031
T001363,U0331,2023-05-20 18:15:00,donation,2947.96,P0144
T001370,U0458,2023-04-12 13:25:00,subscription,3346.49,P0179
T001372,U0246,2023-06-12 13:49:00,payment,438.79,P0096
T001382,U0113,2023-06-01 11:53:00,payment,811.27,P0074
T001384,U0048,2023-04-16 21:10:00,subscription,3378.9,P0017
T001387,U0310,2023-10-07 12:51:00,subscription,2101.68,P0147
T001395,U0316,2023-01-29 03:29:00,purchase,491.53,P0130
T001401,U0480,2023-05-26 05:22:00,subscription,4646.75,P0161
T001402,U0106,2023-06-27 20:57:00,payment,1446.49,P0073
T001405,U0172,2023-09-09 22:42:00,donation,2046.05,P0072
T001407,U0389,2023-04-27 11:02:00,subscription urgent,4693.382677082144,P0133
T001410,U0034,2023-05-28 21:23:00,payment,74.41,P0019
T001412,U0462,2023-01-26 17:13:00,payment,4467.82,P0197
T001414,U0263,2023-07-08 11:31:00,subscription,1371.23,P0110
T001424,U0455,2023-07-02 23:11:00,subscription,1795.17,P0175
T001428,U0133,2023-08-17 15:50:00,purchase,706.31,P0080
T001429,U0156,2023-12-27 17:35:00,purchase,2738.56,P0046
T001445,U0249,2023-09-06 09:43:00,payment refund,38.030664649909134,P0111
T001446,U0461,2023-07-21 06:27:00,payment,3762.27,P0173
T001449,U0127,2023-08-07 08:02:00,subscription,1234.67,P0065
T001450,U0317,2023-10-10 20:08:00,payment,574.25,P0144
T001457,U0031,2023-06-12 16:58:00,donation lottery,6086.796392382181,P0037
T001461,U0308,2023-01-21 05:39:00,donation,2206.62,P0150
T001464,U0207,2023-01-17 06:22:00,subscription,1625.91,P0105
T001476,U0332,2023-12-08 16:36:00,donation,4483.9,P0133
T001479,U0060,2023-02-23 13:21:00,payment,3726.64,P0018
T001485,U0166,2023-09-17 14:19:00,purchase,3248.3,P0059
T001495,U0370,2023-05-18 14:40:00,purchase,1678.04,P0138
T001497,U0015,2023-01-26 21:58:00,payment,2880.94,P0025
T001502,U0464,2023-06-24 23:51:00,purchase,4548.59,P0175
T001505,U0022,2023-11-04 10:16:00,payment urgent,10427.706193546352,P0018
T001511,U0045,2023-10-30 16:57:00,donation urgent,20458.946135312755,P0037
T001516,U0079,2023-09-14 23:59:00,donation,3630.55,P0013
T001519,U0045,2023-05-30 23:23:00,donation,2276.19,P0037
T001524,U0172,2023-05-15 03:08:00,subscription,4389.68,P0072
T001536,U0058,2023-11-06 01:24:00,subscription,3092.58,P0032
T001537,U0374,2023-07-25 16:05:00,payment,2823.77,P0151
T001542,U0484,2023-11-12 07:15:00,purchase,1245.49,P0175
T001545,U0134,2023-05-27 07:48:00,payment,4425.43,P0073
T001546,U0075,2023-07-17 10:44:00,donation,2491.43,P0034
T001559,U0141,2023-01-05 08:19:00,donation,1170.63,P0080
T001566,U0174,2023-12-03 00:12:00,payment,3677.61,P0072
T001567,U0401,2023-01-11 05:04:00,subscription,2398.82,P0162
T001570,U0257,2023-02-09 23:01:00,subscription,862.46,P0100
T001571,U0398,2023-12-06 05:17:00,payment,4977.01,P0124
T001572,U0134,2023-03-10 18:04:00,donation,4572.87,P0051
T001573,U0310,2023-01-29 04:28:00,donation,3179.27,P0138
T001584,U0434,2023-08-25 06:35:00,donation,2456.61,P0193
T001589,U0097,2023-03-09 04:54:00,payment,2653.42,P0006
T001592,U0044,2023-04-11 00:19:00,purchase,2080.76,P0017
T001594,U0152,2023-03-07 15:44:00,purchase lottery,9539.636407775552,P0066
T001598,U0115,2023-08-13 04:45:00,donation,591.93,P0055
T001619,U0070,2023-04-17 05:32:00,subscription,1689.25,P0022
T001622,U0285,2023-10-31 03:59:00,donation,928.42,P0100
T001628,U0104,2023-09-19 21:59:00,purchase,167.42,P0075
T001631,U0378,2023-02-18 02:14:00,purchase,2712.18,P0142
T001632,U0333,2023-03-19 01:11:00,purchase,4391.99,P0160
T001640,U0308,2023-09-05 04:44:00,subscription refund,14103.057167395757,P0148
T001642,U0382,2023-06-23 01:55:00,purchase,655.72,P0152
T001644,U0218,2023-12-01 05:22:00,donation,1433.49,P0119
T001645,U0407,2023-10-31 00:56:00,purchase,4376.77,P0193
T001649,U0154,2023-12-13 07:02:00,purchase,1249.67,P0055
T001654,U0153,2023-05-19 00:50:00,purchase,1571.4,P0042
T001657,U0128,2023-04-27 15:37:00,donation,2499.01,P0060
T001665,U0414,2023-10-21 15:10:00,subscription,2473.09,P0190
T001672,U0332,2023-10-02 01:51:00,subscription,3486.69,P0123
T001681,U0320,2023-09-24 22:55:00,purchase,1452.14,P0143
T001682,U0251,2023-12-21 21:14:00,donation,4763.45,P0113
T001686,U0219,2023-12-16 19:37:00,donation,2438.94,P0102
T001688,U0499,2023-06-24 06:41:00,purchase,3129.45,P0161
T001692,U0403,2023-10-01 11:00:00,purchase,1614.9,P0173
T001693,U0176,2023-04-13 13:59:00,subscription,2864.33,P0056
T001700,U0023,2023-08-05 17:15:00,payment,3227.71,P0027
T001707,U0357,2023-11-07 02:21:00,purchase,270.46,P0129
T001710,U0363,2023-11-24 19:51:00,donation,4583.07,P0121
T001715,U0213,2023-06-14 03:48:00,purchase,3314.61,P0108
T001731,U0470,2023-04-18 21:30:00,payment,3847.34,P0183
T001745,U0043,2023-12-02 12:42:00,donation,1835.69,P0001
T001749,U0162,2023-11-15 10:21:00,subscription,1523.87,P0075
T001752,U0459,2023-11-13 05:09:00,purchase,876.5,P0163
T001753,U0118,2023-09-22 02:56:00,subscription,3660.62,P0044
T001754,U0190,2023-07-30 20:36:00,donation,1756.82,P0076
T001759,U0231,2023-05-30 17:53:00,subscription,185.64,P0101
T001760,U0444,2023-11-11 23:08:00,payment,1165.95,P0173
T001763,U0212,2023-05-07 00:57:00,purchase,1844.45,P0119
T001767,U0489,2023-10-04 05:29:00,donation,2502.39,P0180
T001768,U0347,2023-05-28 21:00:00,subscription,2083.6,P0146
T001771,U0186,2023-08-23 20:02:00,subscription,2593.54,P0052
T001777,U0105,2023-09-08 07:21:00,purchase,4297.38,P0072
T001782,U0230,2023-06-25 14:55:00,purchase urgent,9744.126246767635,P0098
T001788,U0286,2023-02-15 04:00:00,subscription,4534.92,P0100
T001793,U0191,2023-05-06 09:05:00,subscription,4819.0,P0057
T001797,U0038,2023-09-24 03:50:00,donation,4557.9,P0032
T001805,U0104,2023-08-28 08:23:00,payment,710.89,P0074
T001810,U0417,2023-03-22 15:13:00,subscription,3043.92,P0171
T001826,U0052,2023-06-04 07:59:00,purchase,2864.57,P0019
T001835,U0124,2023-05-12 04:04:00,payment,797.33,P0046
T001837,U0469,2023-05-28 20:27:00,donation,2875.07,P0173
T001840,U0265,2023-04-29 03:20:00,donation,2861.77,P0113
T001851,U0392,2023-07-16 02:03:00,payment,711.38,P0150
T001854,U0193,2023-10-23 06:09:00,donation,3925.28,P0042
T001858,U0089,2023-05-19 05:56:00,payment,2731.81,P0016
T001879,U0169,2023-11-09 11:53:00,subscription,4959.87,P0045
T001884,U0490,2023-10-06 15:15:00,purchase,4663.77,P0191
T001890,U0102,2023-02-15 16:39:00,donation,2299.73,P0051
T001894,U0358,2023-04-03 11:13:00,purchase,2083.46,P0136
T001899,U0164,2023-03-24 21:44:00,payment,2638.8,P0047
T001900,U0249,2023-06-24 11:55:00,subscription,291.04,P0104
T001912,U0032,2023-09-03 12:59:00,payment,3317.34,P0013
T001921,U0318,2023-08-08 20:50:00,purchase,3075.92,P0143
T001925,U0241,2023-10-20 02:36:00,purchase,2979.56,P0115
T001940,U0166,2023-11-21 14:03:00,purchase,438.61,P0058
T001941,U0101,2023-10-01 16:30:00,purchase,4561.05,P0051
T001950,U0452,2023-10-14 08:08:00,subscription,3514.91,P0188
T001951,U0113,2023-11-10 07:08:00,donation,1266.32,P0073
T001953,U0341,2023-07-20 08:25:00,subscription,3942.45,P0147
T001957,U0462,2023-09-19 21:44:00,purchase,8.39,P0199
T001958,U0361,2023-02-02 10:28:00,donation,1535.61,P0146
T001963,U0367,2023-07-11 21:59:00,payment transfer,15879.655836135387,P0140
T001964,U0455,2023-07-19 15:58:00,donation,387.2,P0184
T001967,U0300,2023-11-23 03:27:00,purchase,1641.36,P0110
T001989,U0054,2023-07-19 09:26:00,subscription,3827.22,P0006
T001995,U0102,2023-05-27 09:53:00,purchase,2074.34,P0067
T001997,U0498,2023-07-15 08:55:00,donation,2597.1,P0200
T002004,U0497,2023-10-14 12:30:00,subscription,647.77,P0178
T002018,U0029,2023-07-31 01:08:00,purchase,2221.58,P0023
T002022,U0486,2023-07-06 22:11:00,purchase,3769.39,P0178
T002023,U0063,2023-08-06 23:32:00,subscription,4408.43,P0036
T002046,U0058,2023-10-06 17:11:00,subscription,4844.67,P0001
T002049,U0331,2023-03-07 13:58:00,donation,1732.38,P0155
T002055,U0273,2023-04-05 11:45:00,donation,4439.42,P0105
T002061,U0486,2023-11-18 20:58:00,purchase,3201.07,P0199
T002069,U0207,2023-02-25 03:01:00,subscription,1801.45,P0087
T002075,U0295,2023-01-01 03:35:00,subscription,860.49,P0094
T002084,U0434,2023-10-12 00:05:00,donation,3318.04,P0163
T002094,U0330,2023-04-13 03:21:00,donation,3859.55,P0128
T002102,U0264,2023-07-12 19:28:00,subscription,1274.26,P0115
T002113,U0041,2023-07-21 02:12:00,purchase,3251.39,P0037
T002114,U0070,2023-04-28 04:23:00,donation,4895.34,P0031
T002117,U0269,2023-03-12 15:46:00,donation,4440.13,P0093
T002120,U0256,2023-09-06 04:35:00,purchase,1953.78,P0085
T002121,U0238,2023-08-04 16:41:00,payment,4843.9,P0120
T002124,U0019,2023-10-12 16:06:00,donation,3489.91,P0019
T002125,U0248,2023-05-18 11:12:00,payment,4384.51,P0083
T002131,U0466,2023-02-04 01:55:00,purchase,539.51,P0184
T002132,U0287,2023-07-17 23:28:00,subscription,4610.7,P0093
T002141,U0077,2023-09-29 17:41:00,purchase,3553.21,P0023
T002142,U0042,2023-11-15 09:20:00,payment,2098.53,P0021
T002147,U0069,2023-10-07 10:47:00,donation,3384.01,P0013
T002150,U0065,2023-05-06 18:30:00,donation,279.38,P0012
T002151,U0287,2023-07-16 10:17:00,payment,1212.53,P0102
T002154,U0183,2023-08-07 17:27:00,purchase,2647.02,P0054
T002158,U0442,2023-04-01 17:23:00,purchase,3461.93,P0186
T002166,U0426,2023-12-24 20:29:00,payment,2129.54,P0198
T002171,U0336,2023-02-03 14:20:00,subscription,3101.32,P0160
T002175,U0259,2023-09-19 18:41:00,subscription,2091.22,P0105
T002177,U0339,2023-02-11 01:26:00,subscription,4955.06,P0132
T002180,U0359,2023-12-14 19:43:00,payment,3120.37,P0131
T002181,U0161,2023-11-27 02:27:00,payment,3804.96,P0041
T002186,U0419,2023-02-08 18:56:00,subscription,2298.6,P0171
T002190,U0146,2023-05-12 00:12:00,donation,4988.45,P0070
T002201,U0259,2023-08-03 10:16:00,subscription,4082.58,P0095
T002204,U0139,2023-08-07 16:40:00,subscription,3190.89,P0042
T002209,U0248,2023-05-07 17:07:00,subscription,3645.44,P0094
T002215,U0126,2023-01-19 23:39:00,purchase,2753.82,P0071
T002223,U0023,2023-10-04 12:24:00,purchase,4436.35,P0026
T002224,U0406,2023-11-25 17:47:00,purchase,3127.14,P0172
T002234,U0285,2023-01-16 19:25:00,purchase,3981.48,P0108
T002243,U0421,2023-01-12 05:26:00,payment,3526.93,P0164
T002246,U0285,2023-09-24 14:53:00,payment,404.3,P0113
T002251,U0143,2023-10-12 22:22:00,purchase,197.18,P0072
T002264,U0166,2023-04-23 20:26:00,subscription,3902.27,P0049
T002265,U0217,2023-07-16 16:28:00,subscription gift,9674.251588628,P0107
T002267,U0341,2023-04-05 06:32:00,donation,49.19,P0156
T002268,U0359,2023-08-11 16:55:00,purchase,1476.66,P0137
T002271,U0203,2023-07-11 07:13:00,payment,3547.38,P0114
T002274,U0365,2023-07-29 09:38:00,purchase,3587.31,P0134
T002280,U0211,2023-04-07 03:45:00,donation,69.52,P0105
T002281,U0047,2023-04-17 15:21:00,donation,653.3,P0009
T002286,U0393,2023-05-20 14:42:00,donation,2555.65,P0143
T002289,U0246,2023-05-19 16:23:00,payment,530.89,P0112
T002303,U0009,2023-07-09 04:14:00,payment,1711.12,P0005
T002308,U0038,2023-08-13 13:52:00,subscription,2261.14,P0033
T002313,U0149,2023-02-02 15:16:00,subscription,1084.25,P0055
T002317,U0101,2023-02-12 11:39:00,purchase,3547.05,P0058
T002321,U0276,2023-09-14 09:05:00,donation,4076.98,P0097
T002329,U0202,2023-07-14 15:12:00,purchase,4895.31,P0112
T002345,U0310,2023-04-02 21:12:00,purchase,4590.2,P0129
T002348,U0292,2023-09-14 19:03:00,purchase,1463.65,P0112
T002352,U0359,2023-11-15 17:22:00,purchase,4638.65,P0153
T002366,U0121,2023-08-25 20:07:00,payment,18.05,P0043
T002367,U0351,2023-07-16 10:49:00,purchase,2971.15,P0134
T002368,U0436,2023-11-29 03:39:00,donation,3611.48,P0185
T002377,U0218,2023-05-21 19:37:00,subscription,4746.7,P0104
T002379,U0044,2023-02-05 23:44:00,purchase,1248.03,P0001
T002383,U0232,2023-01-29 10:56:00,donation,3801.12,P0097
T002384,U0101,2023-07-12 07:11:00,purchase,420.88,P0061
T002385,U0071,2023-10-14 01:14:00,purchase,3869.17,P0024
T002387,U0107,2023-03-06 13:09:00,purchase,1357.77,P0074
T002393,U0139,2023-12-22 13:35:00,purchase,268.73,P0055
T002395,U0402,2023-12-01 22:17:00,donation,4339.46,P0184
T002399,U0120,2023-01-12 15:38:00,purchase,1573.36,P0050
T002414,U0415,2023-04-02 13:35:00,payment,139.26,P0185
T002417,U0231,2023-06-22 02:44:00,donation,2778.82,P0118
T002418,U0250,2023-12-20 13:26:00,donation,3958.71,P0090
T002433,U0260,2023-10-15 23:14:00,purchase,4848.47,P0082
T002438,U0416,2023-06-24 13:08:00,subscription,193.93,P0175
T002441,U0048,2023-04-23 20:33:00,payment,4958.55,P0021
T002444,U0312,2023-02-03 04:58:00,payment,3389.67,P0157
T002448,U0329,2023-08-10 01:32:00,donation,2643.33,P0154
T002449,U0272,2023-11-24 22:00:00,payment,2382.72,P0108
T002467,U0185,2023-05-15 23:55:00,payment,1143.72,P0063
T002469,U0199,2023-04-03 04:51:00,donation,2739.0,P0062
T002472,U0491,2023-06-18 04:34:00,subscription,388.52,P0176
T002473,U0192,2023-07-08 06:54:00,purchase,4079.46,P0076
T002479,U0055,2023-08-21 21:22:00,donation,2904.22,P0004
T002489,U0107,2023-07-23 12:50:00,donation,111.17,P0060
T002494,U0234,2023-09-28 19:34:00,purchase,2943.44,P0083
T002495,U0009,2023-01-22 03:22:00,purchase,2259.1,P0026
T002497,U0127,2023-02-10 07:16:00,payment,1789.94,P0055
T002498,U0180,2023-04-17 11:42:00,subscription,4381.76,P0041
T002501,U0376,2023-08-22 01:11:00,payment,1150.02,P0141
T002502,U0386,2023-04-14 09:02:00,donation,916.26,P0126
T002503,U0375,2023-08-02 12:03:00,donation,3393.41,P0124
T002510,U0445,2023-08-17 17:14:00,donation,4890.16,P0183
T002518,U0124,2023-01-29 20:01:00,purchase,480.15,P0062
T002525,U0229,2023-04-11 09:06:00,purchase,4700.05,P0109
T002545,U0459,2023-01-23 02:37:00,donation,2163.47,P0194
T002556,U0282,2023-01-17 16:50:00,subscription,2947.12,P0118
T002557,U0034,2023-09-11 23:09:00,subscription,3121.55,P0005
T002560,U0328,2023-12-29 15:39:00,donation,4133.03,P0131
T002562,U0226,2023-03-13 16:04:00,payment,1595.36,P0094
T002573,U0324,2023-08-05 00:04:00,subscription,2837.97,P0138
T002580,U0162,2023-02-19 15:59:00,purchase,2643.01,P0047
T002585,U0456,2023-05-07 06:08:00,donation,3512.68,P0164
T002590,U0258,2023-01-30 04:11:00,donation,2181.32,P0087
T002608,U0435,2023-08-18 15:57:00,donation,4205.58,P0184
T002613,U0465,2023-09-10 02:13:00,purchase,436.31,P0162
T002619,U0245,2023-11-27 04:56:00,purchase,146.14,P0106
T002624,U0186,2023-02-07 03:24:00,subscription,1974.58,P0058
T002630,U0263,2023-06-19 16:00:00,purchase,3067.85,P0094
T002633,U0474,2023-11-29 10:43:00,payment,3632.57,P0192
T002635,U0207,2023-09-19 12:58:00,subscription,2097.23,P0091
T002640,U0171,2023-06-07 19:37:00,donation,1399.99,P0056
T002642,U0172,2023-05-20 19:42:00,donation,1436.05,P0059
T002645,U0105,2023-12-31 15:42:00,purchase,1937.93,P0067
T002646,U0171,2023-10-31 17:49:00,purchase,2586.94,P0059
T002647,U0098,2023-09-12 21:08:00,donation transfer,5611.690000620866,P0027
T002652,U0327,2023-07-12 00:38:00,purchase,4077.51,P0133
T002657,U0252,2023-09-15 12:33:00,subscription,4847.84,P0112
T002660,U0088,2023-12-23 23:47:00,payment,3446.77,P0030
T002668,U0161,2023-03-26 17:05:00,purchase,4801.76,P0067
T002669,U0293,2023-04-27 18:11:00,subscription,3336.97,P0117
T002673,U0275,2023-06-07 09:38:00,purchase urgent,5146.420027677408,P0114
T002678,U0207,2023-11-30 04:05:00,purchase,4461.73,P0091
T002681,U0120,2023-09-13 19:37:00,purchase,3565.71,P0049
T002685,U0356,2023-11-20 09:31:00,donation,3037.29,P0135
T002691,U0495,2023-04-12 00:04:00,purchase,2594.0,P0174
T002702,U0161,2023-01-15 04:20:00,payment transfer,6297.327566909846,P0051
T002707,U0060,2023-07-23 18:08:00,donation,1029.0,P0026
T002711,U0212,2023-03-01 23:18:00,purchase,4551.26,P0098
T002717,U0364,2023-07-06 02:30:00,donation,4255.34,P0154
T002719,U0466,2023-10-29 08:53:00,subscription,2214.61,P0182
T002723,U0308,2023-01-31 06:28:00,purchase,903.42,P0156
T002732,U0266,2023-02-21 00:57:00,payment,1813.54,P0119
T002733,U0263,2023-10-23 17:01:00,purchase,462.91,P0101
T002736,U0412,2023-01-07 08:08:00,purchase,2084.7,P0176
T002741,U0168,2023-09-07 16:05:00,payment,1032.5,P0046
T002762,U0229,2023-02-17 12:16:00,purchase urgent,17601.236061356925,P0117
T002765,U0112,2023-11-07 05:42:00,payment,1294.69,P0061
T002770,U0284,2023-02-12 23:11:00,purchase,4992.56,P0089
T002776,U0034,2023-07-25 14:30:00,donation,1536.5,P0013
T002780,U0021,2023-10-20 10:01:00,subscription,3325.0,P0033
T002784,U0105,2023-02-11 02:53:00,subscription,2980.07,P0073
T002792,U0069,2023-02-05 14:47:00,purchase,1361.53,P0013
T002803,U0194,2023-11-01 05:03:00,purchase,214.83,P0049
T002812,U0115,2023-05-09 10:33:00,purchase,4186.39,P0059
T002814,U0002,2023-07-14 05:20:00,purchase,1525.7,P0026
T002822,U0336,2023-06-21 21:05:00,payment,4391.06,P0128
T002825,U0225,2023-03-15 22:09:00,subscription,4678.48,P0120
T002829,U0434,2023-05-22 06:35:00,payment,1299.12,P0198
T002839,U0276,2023-09-14 16:23:00,donation,852.8,P0095
T002840,U0008,2023-01-02 20:14:00,subscription,2924.42,P0023
T002847,U0293,2023-06-15 18:04:00,donation,4446.1,P0112
T002849,U0079,2023-04-15 23:11:00,donation,4762.45,P0027
T002858,U0240,2023-10-23 14:48:00,donation,1819.75,P0088
T002863,U0367,2023-11-05 12:12:00,purchase,4945.72,P0126
T002865,U0151,2023-12-10 17:26:00,payment,882.92,P0080
T002867,U0272,2023-12-01 11:45:00,payment,684.87,P0094
T002872,U0335,2023-04-03 19:42:00,donation,2223.92,P0125
T002873,U0072,2023-01-16 22:11:00,purchase,4230.54,P0006
T002878,U0114,2023-01-23 20:12:00,payment,3238.51,P0072
T002884,U0148,2023-09-24 18:02:00,subscription,3756.39,P0051
T002886,U0113,2023-05-19 01:40:00,purchase,1659.63,P0064
T002891,U0148,2023-01-29 11:23:00,donation,1425.11,P0062
T002895,U0276,2023-10-10 15:45:00,purchase,2642.89,P0095
T002898,U0478,2023-02-18 14:34:00,donation,1841.39,P0180
T002906,U0083,2023-02-27 01:02:00,payment,1861.43,P0010
T002910,U0317,2023-04-11 05:26:00,purchase,3648.85,P0137
T002912,U0396,2023-03-29 03:45:00,donation,4378.02,P0127
T002918,U0238,2023-09-20 19:48:00,payment,4309.58,P0116
T002920,U0352,2023-09-25 20:00:00,donation,3297.72,P0159
T002934,U0082,2023-11-08 16:06:00,subscription,3889.67,P0017
T002937,U0328,2023-12-31 00:43:00,payment,1118.08,P0149
T002939,U0321,2023-09-14 01:42:00,purchase,4795.3,P0148
T002940,U0449,2023-07-22 07:43:00,subscription,4916.98,P0197
T002942,U0123,2023-06-26 19:41:00,purchase,3591.79,P0051
T002944,U0339,2023-07-23 22:19:00,payment,2106.76,P0155
T002945,U0333,2023-06-12 01:33:00,donation,4523.51,P0160
T002946,U0177,2023-01-14 08:16:00,purchase,2081.68,P0065
T002947,U0462,2023-03-29 00:04:00,subscription,2068.66,P0164
T002949,U0355,2023-08-30 14:13:00,payment,32.93,P0132
T002961,U0494,2023-03-02 15:14:00,donation,1368.49,P0170
T002970,U0207,2023-06-05 13:32:00,payment,2096.62,P0112
T002979,U0064,2023-12-20 11:20:00,purchase,2524.56,P0024
T002995,U0481,2023-11-25 17:50:00,payment,329.14,P0176
T003000,U0109,2023-12-03 02:17:00,subscription,1776.67,P0048
T003002,U0133,2023-05-08 12:10:00,subscription,4179.87,P0067
T003003,U0234,2023-05-22 20:30:00,payment,3682.41,P0112
T003028,U0350,2023-12-08 01:32:00,subscription,2951.84,P0150
T003033,U0076,2023-05-07 14:26:00,donation,209.68,P0016
T003037,U0452,2023-08-17 19:53:00,payment,1296.26,P0196
T003047,U0111,2023-12-18 00:05:00,donation,3984.27,P0078
T003050,U0184,2023-09-06 03:52:00,subscription,4942.26,P0045
T003057,U0410,2023-10-11 02:33:00,purchase,1904.54,P0163
T003061,U0266,2023-02-13 20:43:00,subscription,2257.91,P0102
T003064,U0300,2023-11-22 07:47:00,donation,989.45,P0099
T003071,U0301,2023-10-04 15:38:00,subscription,2297.23,P0145
T003082,U0140,2023-11-11 14:27:00,purchase,3356.82,P0050
T003087,U0386,2023-02-18 19:45:00,subscription urgent,1344.9175801290698,P0158
T003088,U0497,2023-11-06 04:53:00,payment,1299.74,P0165
T003092,U0366,2023-10-21 11:48:00,purchase,1185.29,P0133
T003095,U0323,2023-01-06 06:42:00,donation,4800.95,P0132
T003096,U0029,2023-04-19 10:57:00,payment,869.43,P0021
T003102,U0352,2023-05-29 06:42:00,payment,3528.83,P0156
T003104,U0357,2023-08-06 18:46:00,purchase,682.37,P0148
T003107,U0177,2023-08-15 01:11:00,payment,2906.13,P0047
T003112,U0008,2023-02-23 06:21:00,donation,2307.73,P0025
T003113,U0409,2023-09-02 11:35:00,subscription,1997.06,P0191
T003114,U0414,2023-10-14 07:57:00,payment,1534.32,P0189
T003116,U0389,2023-11-28 20:46:00,purchase,2236.76,P0157
T003123,U0353,2023-01-01 23:55:00,purchase,3800.22,P0147
T003125,U0221,2023-12-24 03:01:00,subscription,364.97,P0084
T003132,U0397,2023-09-19 10:58:00,subscription,4361.92,P0152
T003135,U0151,2023-01-02 02:12:00,subscription,3918.71,P0070
T003140,U0349,2023-08-13 11:14:00,purchase,3535.82,P0142
T003144,U0392,2023-10-29 20:50:00,purchase,4783.43,P0133
T003148,U0154,2023-06-22 22:10:00,subscription,3270.71,P0063
T003153,U0164,2023-06-01 17:39:00,purchase,767.66,P0062
T003156,U0049,2023-11-22 06:29:00,purchase,3819.97,P0010
T003157,U0162,2023-02-22 14:50:00,donation,850.4,P0056
T003162,U0002,2023-09-08 03:54:00,purchase,4797.28,P0002
T003168,U0477,2023-12-26 21:42:00,payment,3238.92,P0200
T003183,U0484,2023-05-29 13:46:00,subscription,1063.21,P0162
T003184,U0353,2023-09-13 00:35:00,donation,3495.3,P0138
T003187,U0050,2023-07-09 01:31:00,subscription,2061.76,P0010
T003191,U0048,2023-08-12 02:48:00,payment,3601.21,P0001
T003194,U0414,2023-10-30 05:49:00,subscription,15.07,P0179
T003198,U0176,2023-03-18 08:47:00,payment,2735.61,P0057
T003205,U0457,2023-01-12 12:06:00,purchase,4527.97,P0178
T003207,U0026,2023-04-19 02:14:00,payment,944.4,P0012
T003213,U0474,2023-07-03 11:52:00,donation,865.18,P0197
T003221,U0415,2023-03-01 00:29:00,subscription,3152.03,P0172
T003225,U0358,2023-07-10 09:24:00,donation,2679.19,P0128
T003226,U0218,2023-02-14 00:56:00,subscription,4401.74,P0092
T003228,U0043,2023-01-12 00:57:00,purchase,4618.96,P0023
T003230,U0384,2023-01-09 00:35:00,purchase,673.44,P0127
T003233,U0318,2023-03-30 12:14:00,subscription,4203.54,P0160
T003235,U0328,2023-08-01 04:18:00,donation,4211.3,P0155
T003240,U0024,2023-01-05 19:26:00,subscription,1700.57,P0027
T003242,U0435,2023-07-13 13:30:00,subscription,4046.92,P0184
T003255,U0104,2023-03-28 03:54:00,subscription,2542.96,P0076
T003257,U0143,2023-02-21 02:25:00,purchase,3697.7,P0060
T003258,U0182,2023-12-29 00:01:00,payment,2213.37,P0047
T003260,U0226,2023-06-27 10:21:00,payment,4751.07,P0087
T003262,U0407,2023-08-17 16:23:00,subscription,1353.15,P0199
T003268,U0190,2023-05-21 04:59:00,purchase,4468.47,P0071
T003282,U0074,2023-05-07 08:45:00,purchase,4708.72,P0017
T003284,U0185,2023-03-28 05:34:00,subscription,1478.87,P0080
T003293,U0307,2023-03-19 17:54:00,payment,2426.39,P0135
T003296,U0042,2023-10-01 05:57:00,donation,1464.07,P0020
T003299,U0169,2023-01-19 16:05:00,purchase,2450.46,P0076
T003300,U0254,2023-01-28 16:23:00,subscription lottery,10191.925237771162,P0092
T003301,U0079,2023-10-13 05:39:00,donation,3890.79,P0019
T003311,U0417,2023-03-02 06:05:00,payment,3401.41,P0199
T003313,U0403,2023-01-10 12:25:00,donation,2542.59,P0200
T003316,U0334,2023-09-10 00:21:00,donation,1175.55,P0151
T003318,U0242,2023-10-30 11:31:00,purchase,524.3,P0109
T003323,U0494,2023-06-27 06:18:00,purchase,1639.84,P0181
T003326,U0059,2023-06-09 05:34:00,subscription,1724.13,P0040
T003332,U0161,2023-03-10 18:08:00,purchase,1749.49,P0060
T003334,U0169,2023-01-15 17:26:00,purchase,4937.53,P0068
T003339,U0232,2023-05-22 20:16:00,subscription,2732.67,P0115
T003340,U0432,2023-06-10 02:52:00,donation,4849.32,P0162
T003351,U0208,2023-09-09 22:11:00,payment,451.35,P0092
T003352,U0210,2023-07-21 03:36:00,payment,1973.95,P0090
T003353,U0031,2023-07-11 18:51:00,donation,3203.65,P0036
T003359,U0479,2023-06-19 08:58:00,subscription lottery,9379.73254823198,P0185
T003363,U0378,2023-09-12 02:51:00,subscription,4509.6,P0160
T003365,U0154,2023-09-08 05:57:00,purchase,644.04,P0062
T003369,U0116,2023-03-17 15:32:00,donation,2702.18,P0047
T003378,U0089,2023-04-04 12:01:00,subscription,250.72,P0009
T003382,U0351,2023-09-05 22:30:00,subscription,3253.59,P0148
T003383,U0463,2023-12-23 01:39:00,subscription,507.32,P0167
T003390,U0259,2023-11-11 07:41:00,payment,453.14,P0105
T003393,U0047,2023-11-13 22:00:00,payment,4009.64,P0022
T003394,U0321,2023-04-21 02:29:00,subscription,3231.07,P0123
T003401,U0326,2023-06-04 22:19:00,subscription,826.22,P0145
T003407,U0361,2023-02-17 23:12:00,payment,612.17,P0143
T003412,U0440,2023-02-22 23:03:00,subscription,1539.65,P0184
T003413,U0149,2023-10-17 12:28:00,donation,1387.38,P0071
T003415,U0062,2023-11-20 21:03:00,subscription,4417.34,P0015
T003419,U0385,2023-05-29 18:35:00,payment,494.66,P0123
T003425,U0282,2023-03-21 20:58:00,donation,421.61,P0116
T003427,U0111,2023-06-04 06:01:00,subscription,1038.92,P0073
T003433,U0109,2023-08-19 04:27:00,donation,4800.87,P0066
T003435,U0494,2023-12-21 05:19:00,donation,3809.49,P0174
T003437,U0350,2023-11-28 23:21:00,subscription,2926.0,P0134
T003438,U0133,2023-02-09 16:56:00,payment,3441.75,P0068
T003440,U0267,2023-07-18 15:04:00,subscription,2720.73,P0116
T003441,U0399,2023-10-09 19:20:00,purchase urgent,2725.940582024648,P0128
T003445,U0468,2023-01-02 23:57:00,donation,3215.23,P0164
T003462,U0461,2023-07-25 09:49:00,donation,4964.81,P0193
T003468,U0162,2023-10-29 07:19:00,purchase,4239.71,P0069
T003471,U0204,2023-06-27 06:07:00,purchase,2038.64,P0083
T003488,U0097,2023-07-05 11:09:00,subscription,3098.89,P0010
T003489,U0023,2023-02-05 14:18:00,purchase,3347.56,P0033
T003496,U0394,2023-03-27 13:25:00,subscription,2132.43,P0121
T003504,U0469,2023-03-06 19:25:00,payment refund,4860.936939565268,P0197
T003505,U0053,2023-03-16 17:38:00,donation,2117.27,P0011
T003507,U0352,2023-01-19 02:14:00,donation,3008.81,P0155
T003510,U0124,2023-03-06 00:54:00,purchase,2650.69,P0048
T003512,U0270,2023-10-27 07:11:00,payment,4282.84,P0096
T003521,U0172,2023-10-09 12:43:00,donation,4510.32,P0042
T003531,U0390,2023-06-17 12:03:00,purchase,181.0,P0132
T003533,U0069,2023-11-15 01:49:00,donation,3644.63,P0027
T003539,U0398,2023-11-30 19:06:00,purchase,3295.72,P0140
T003541,U0154,2023-03-14 08:15:00,subscription,4451.08,P0047
T003544,U0415,2023-07-18 12:32:00,purchase,3034.75,P0190
T003548,U0369,2023-10-14 14:05:00,purchase,698.58,P0154
T003562,U0252,2023-08-11 02:16:00,payment,1984.08,P0107
T003568,U0264,2023-05-28 17:21:00,payment lottery,3650.2083830921897,P0120
T003576,U0360,2023-05-02 14:59:00,purchase,2789.3,P0131
T003583,U0307,2023-12-19 07:05:00,donation,3544.33,P0156
T003584,U0332,2023-09-15 03:57:00,donation,2665.95,P0150
T003594,U0357,2023-03-26 22:00:00,subscription,4544.96,P0143
T003600,U0368,2023-09-04 22:18:00,subscription,3326.49,P0138
T003602,U0093,2023-02-22 07:38:00,donation,4823.55,P0026
T003603,U0272,2023-01-06 01:33:00,donation,3385.45,P0089
T003604,U0325,2023-12-13 10:43:00,donation,4311.22,P0150
T003606,U0416,2023-12-04 07:42:00,donation,1378.27,P0190
T003609,U0038,2023-10-29 18:09:00,subscription,2040.51,P0010
T003613,U0152,2023-03-30 07:04:00,donation,3793.25,P0072
T003619,U0077,2023-05-01 12:52:00,purchase,734.14,P0028
T003627,U0473,2023-12-12 00:55:00,donation,3479.86,P0177
T003630,U0500,2023-10-22 01:45:00,donation,1356.78,P0167
T003631,U0135,2023-07-05 23:05:00,donation,22.66,P0045
T003639,U0459,2023-08-08 09:52:00,payment,595.52,P0192
T003642,U0019,2023-01-14 14:16:00,purchase,3722.47,P0002
T003644,U0270,2023-07-15 11:38:00,subscription,3168.32,P0110
T003645,U0398,2023-12-05 08:57:00,payment,607.35,P0146
T003650,U0260,2023-12-20 14:40:00,purchase,1218.89,P0103
T003662,U0328,2023-05-18 07:01:00,donation,4517.21,P0129
T003663,U0064,2023-08-07 13:03:00,purchase,1152.27,P0011
T003664,U0223,2023-10-22 16:44:00,donation,4659.67,P0083
T003665,U0198,2023-12-17 02:35:00,payment,4354.41,P0045
T003672,U0372,2023-09-29 14:14:00,subscription,4896.71,P0134
T003675,U0348,2023-05-11 17:06:00,payment,4141.9,P0131
T003676,U0275,2023-01-06 11:38:00,payment,4499.5,P0095
T003679,U0025,2023-12-16 23:20:00,payment,1156.61,P0013
T003682,U0358,2023-02-12 04:00:00,donation,4285.37,P0156
T003683,U0287,2023-01-30 07:24:00,donation,4847.68,P0118
T003689,U0103,2023-11-19 07:44:00,payment transfer,11679.200413739987,P0070
T003706,U0103,2023-07-24 16:55:00,subscription,1612.92,P0043
T003716,U0236,2023-07-05 14:06:00,subscription,1646.31,P0098
T003723,U0302,2023-12-13 12:05:00,payment,1917.54,P0144
T003725,U0179,2023-06-15 02:30:00,donation,3210.9,P0070
T003734,U0390,2023-06-21 14:40:00,subscription,1544.89,P0126
T003745,U0174,2023-07-22 02:38:00,subscription transfer,11435.99642683677,P0070
T003746,U0336,2023-03-29 07:30:00,payment,3192.18,P0145
T003747,U0340,2023-03-02 21:51:00,payment,3827.67,P0150
T003756,U0427,2023-08-04 22:52:00,purchase,1697.1,P0183
T003758,U0141,2023-02-25 16:33:00,payment,1198.25,P0048
T003761,U0165,2023-09-15 16:59:00,donation,3140.33,P0080
T003763,U0101,2023-11-19 01:43:00,payment,3361.4,P0079
T003765,U0084,2023-04-13 23:56:00,donation,521.63,P0016
T003766,U0064,2023-12-28 01:18:00,subscription,3443.8,P0036
T003767,U0120,2023-04-02 22:17:00,payment,1612.43,P0041
T003774,U0115,2023-07-06 10:25:00,donation,2928.13,P0075
T003775,U0111,2023-09-01 17:45:00,donation,919.4,P0072
T003776,U0218,2023-08-08 15:34:00,donation,2683.25,P0097
T003778,U0422,2023-02-23 11:45:00,donation,707.16,P0194
T003780,U0462,2023-07-09 12:37:00,payment,3430.87,P0163
T003787,U0057,2023-04-09 01:56:00,purchase,3959.97,P0020
T003790,U0469,2023-06-11 06:48:00,payment,601.06,P0187
T003795,U0326,2023-08-01 14:18:00,purchase,4575.61,P0136
T003796,U0052,2023-10-18 13:08:00,subscription,684.52,P0026
T003798,U0073,2023-05-25 17:04:00,payment,85.05,P0020
T003803,U0251,2023-08-29 09:34:00,payment,4101.4,P0091
T003807,U0047,2023-10-09 05:26:00,purchase,1198.55,P0007
T003814,U0403,2023-07-21 08:13:00,donation,2484.53,P0172
T003820,U0245,2023-01-06 08:29:00,subscription,4520.22,P0095
T003826,U0486,2023-04-28 14:21:00,purchase refund,13814.826469453295,P0176
T003834,U0283,2023-03-16 16:53:00,subscription,2477.82,P0087
T003835,U0203,2023-12-02 14:50:00,donation,1337.59,P0116
T003837,U0111,2023-04-25 03:30:00,subscription,3250.0,P0051
T003841,U0486,2023-07-20 13:23:00,subscription,1614.77,P0190
T003849,U0065,2023-02-21 10:55:00,subscription,712.84,P0001
T003853,U0153,2023-12-30 19:16:00,donation,1340.0,P0067
T003858,U0257,2023-10-30 17:04:00,purchase,2429.83,P0085
T003862,U0191,2023-03-01 11:18:00,subscription,3079.15,P0050
T003865,U0107,2023-07-07 19:53:00,purchase,3840.19,P0055
T003882,U0158,2023-07-18 14:26:00,payment,71.72,P0051
T003890,U0185,2023-03-09 11:16:00,purchase,4101.64,P0045
T003892,U0388,2023-04-10 05:49:00,payment,4327.92,P0139
T003896,U0023,2023-09-02 09:56:00,subscription,2539.78,P0024
T003901,U0053,2023-03-21 08:31:00,payment,1447.79,P0012
T003903,U0334,2023-07-10 08:26:00,donation,2279.56,P0143
T003905,U0142,2023-06-10 04:39:00,payment,815.28,P0064
T003906,U0450,2023-07-20 05:30:00,donation,2094.92,P0164
T003909,U0108,2023-05-23 05:28:00,purchase,805.71,P0054
T003911,U0461,2023-09-08 00:59:00,payment,1700.06,P0166
T003914,U0392,2023-09-30 01:04:00,subscription,4761.78,P0159
T003917,U0302,2023-11-07 15:14:00,subscription,1614.47,P0146
T003921,U0179,2023-12-10 09:43:00,payment,1321.34,P0064
T003934,U0281,2023-04-13 20:58:00,subscription,1278.07,P0081
T003935,U0465,2023-10-19 12:16:00,purchase transfer,1345.2025269377282,P0194
T003938,U0413,2023-04-01 01:52:00,payment,67.53,P0197
T003940,U0256,2023-02-26 22:35:00,donation,4689.63,P0106
T003945,U0235,2023-08-02 12:30:00,purchase transfer,16268.945030525692,P0114
T003950,U0139,2023-12-17 03:46:00,payment,2422.17,P0076
T003955,U0316,2023-02-24 09:02:00,donation,772.62,P0156
T003959,U0027,2023-12-11 05:40:00,donation,3883.78,P0003
T003963,U0134,2023-03-31 19:45:00,purchase,836.77,P0070
T003969,U0301,2023-01-30 09:57:00,payment,4663.7,P0157
T003973,U0181,2023-01-13 19:48:00,purchase,2992.7,P0066
T003977,U0061,2023-08-11 02:00:00,subscription,2549.66,P0010
T003982,U0441,2023-08-21 09:36:00,purchase,4835.44,P0169
T003985,U0315,2023-07-31 15:25:00,purchase,3416.76,P0150
T003986,U0193,2023-02-17 20:23:00,donation,959.44,P0066
T003990,U0449,2023-02-05 04:36:00,subscription,2657.72,P0195
T004002,U0437,2023-01-02 17:23:00,purchase,3709.27,P0176
T004006,U0177,2023-05-02 18:38:00,donation,4904.17,P0057
T004016,U0341,2023-06-17 03:50:00,donation,4611.79,P0124
T004020,U0107,2023-06-18 12:51:00,payment,1466.13,P0069
T004030,U0205,2023-02-19 21:42:00,payment,2735.03,P0092
T004038,U0321,2023-04-02 17:02:00,purchase,3845.14,P0135
T004054,U0085,2023-04-30 16:45:00,purchase,3533.46,P0011
T004060,U0288,2023-09-07 01:30:00,donation,241.73,P0100
T004083,U0436,2023-04-13 07:09:00,purchase,1837.98,P0173
T004097,U0045,2023-06-20 19:02:00,payment,3907.88,P0012
T004105,U0207,2023-11-26 05:19:00,donation,1043.54,P0082
T004113,U0440,2023-04-05 06:39:00,subscription,876.49,P0183
T004120,U0061,2023-11-07 00:37:00,purchase,3499.01,P0034
T004126,U0286,2023-08-26 17:26:00,subscription,4730.23,P0105
T004129,U0141,2023-02-23 23:28:00,purchase,4498.69,P0078
T004132,U0229,2023-01-12 05:56:00,subscription,1890.58,P0097
T004134,U0137,2023-10-21 10:12:00,purchase,3301.59,P0060
T004146,U0244,2023-04-19 02:41:00,payment refund,7494.313340272975,P0120
T004151,U0039,2023-03-14 00:34:00,subscription,144.14,P0026
T004163,U0119,2023-01-18 23:27:00,donation gift,11983.073593122092,P0058
T004180,U0188,2023-01-06 17:05:00,payment,3173.01,P0066
T004184,U0163,2023-09-21 20:41:00,payment,4470.13,P0041
T004187,U0064,2023-03-01 02:43:00,payment,2530.58,P0020
T004192,U0412,2023-12-10 07:05:00,subscription,3279.29,P0184
T004193,U0480,2023-04-08 16:20:00,payment,1019.3,P0180
T004198,U0371,2023-08-12 09:48:00,payment,3279.03,P0154
T004204,U0484,2023-08-15 07:26:00,purchase,4067.89,P0188
T004241,U0310,2023-09-11 05:04:00,subscription,503.55,P0144
T004245,U0035,2023-11-17 01:04:00,payment,2542.82,P0017
T004257,U0109,2023-01-05 16:07:00,donation,2164.49,P0056
T004258,U0284,2023-02-13 20:35:00,payment,1674.86,P0120
T004264,U0302,2023-03-03 02:35:00,donation,4015.54,P0138
T004284,U0376,2023-11-26 12:59:00,donation,3832.32,P0156
T004285,U0424,2023-01-13 20:05:00,payment,4675.41,P0184
T004289,U0422,2023-05-26 11:44:00,donation,3082.85,P0193
T004293,U0250,2023-04-15 00:37:00,donation,2751.4,P0101
T004295,U0340,2023-04-26 17:01:00,payment,1296.32,P0151
T004296,U0288,2023-11-12 03:34:00,donation,3250.37,P0081
T004297,U0050,2023-12-31 14:53:00,donation,4882.94,P0031
T004308,U0465,2023-05-22 17:00:00,payment,640.19,P0165
T004310,U0277,2023-06-21 11:28:00,subscription,555.02,P0119
T004313,U0159,2023-03-11 13:20:00,donation,4086.84,P0063
T004319,U0171,2023-06-21 10:25:00,purchase,1033.32,P0067
T004323,U0021,2023-08-09 18:26:00,subscription,3992.74,P0016
T004324,U0147,2023-04-11 09:33:00,subscription,4663.9,P0058
T004344,U0125,2023-05-26 19:39:00,purchase,3439.01,P0067
T004347,U0327,2023-02-05 03:58:00,purchase,1211.17,P0153
T004353,U0405,2023-09-03 02:40:00,payment,801.78,P0170
T004358,U0426,2023-10-03 15:23:00,payment,3179.26,P0165
T004368,U0226,2023-03-14 03:29:00,purchase,970.46,P0093
T004370,U0089,2023-05-10 05:09:00,payment,4340.07,P0009
T004377,U0034,2023-07-29 02:28:00,subscription,1798.19,P0026
T004383,U0076,2023-12-07 01:16:00,payment,2655.88,P0006
T004387,U0178,2023-04-05 19:54:00,subscription,1552.8,P0069
T004390,U0375,2023-07-12 13:44:00,purchase,2618.72,P0153
T004394,U0379,2023-09-17 20:37:00,purchase,989.56,P0125
T004398,U0234,2023-04-14 21:00:00,donation,1302.86,P0105
T004401,U0417,2023-10-20 08:51:00,payment transfer,18158.8811439146,P0181
T004419,U0054,2023-06-09 16:32:00,purchase,4832.32,P0039
T004423,U0153,2023-10-07 21:11:00,purchase,2647.72,P0043
T004424,U0401,2023-01-26 18:21:00,subscription,4241.89,P0172
T004426,U0353,2023-11-10 04:46:00,payment,25.53,P0134
T004434,U0303,2023-10-10 16:34:00,donation,2909.5,P0149
T004438,U0133,2023-03-26 13:04:00,payment,1446.71,P0061
T004442,U0336,2023-10-23 03:36:00,payment,4520.25,P0135
T004443,U0224,2023-11-16 14:05:00,payment,4580.69,P0110
T004446,U0334,2023-08-21 10:49:00,donation,1049.96,P0159
T004468,U0177,2023-04-26 12:48:00,donation,4395.92,P0069
T004469,U0218,2023-01-31 18:30:00,donation,1697.31,P0117
T004470,U0402,2023-04-15 08:06:00,payment lottery,14513.451084089991,P0191
T004476,U0164,2023-06-11 23:35:00,subscription,1731.58,P0061
T004481,U0013,2023-02-22 21:44:00,payment,314.12,P0029
T004484,U0050,2023-06-27 07:19:00,subscription,4072.35,P0007
T004485,U0260,2023-10-21 00:15:00,payment,3948.66,P0089
T004492,U0035,2023-09-20 01:08:00,subscription,1653.74,P0024
T004493,U0334,2023-12-08 02:41:00,payment,1536.58,P0128
T004495,U0091,2023-10-28 02:59:00,subscription,4597.47,P0022
T004500,U0481,2023-06-10 16:37:00,purchase,4174.25,P0169
T004503,U0294,2023-08-31 15:42:00,donation,3016.0,P0109
T004512,U0204,2023-05-29 23:21:00,payment,723.91,P0112
T004514,U0438,2023-02-22 22:29:00,donation,659.02,P0198
T004517,U0195,2023-09-28 12:59:00,subscription,3039.15,P0070
T004526,U0371,2023-04-26 00:59:00,purchase,694.9,P0132
T004532,U0254,2023-06-06 10:56:00,purchase,3935.32,P0086
T004538,U0059,2023-02-26 10:49:00,payment,3041.0,P0034
T004542,U0470,2023-02-28 06:00:00,payment,1401.98,P0193
T004543,U0023,2023-01-13 20:44:00,purchase,3069.35,P0032
T004551,U0151,2023-10-16 03:37:00,purchase,1000.36,P0074
T004558,U0017,2023-06-26 11:55:00,donation,4343.52,P0015
T004561,U0120,2023-11-28 14:58:00,purchase,2536.66,P0045
T004562,U0288,2023-09-19 15:43:00,donation,3909.87,P0092
T004566,U0328,2023-04-02 12:54:00,purchase,2217.55,P0153
T004569,U0458,2023-12-16 11:28:00,subscription,2934.36,P0184
T004570,U0301,2023-04-16 05:21:00,donation,1021.64,P0142
T004574,U0118,2023-04-07 12:55:00,payment,3960.41,P0063
T004575,U0469,2023-07-02 12:48:00,donation,4216.53,P0182
T004579,U0288,2023-05-25 02:37:00,payment,340.41,P0104
T004588,U0108,2023-01-29 02:32:00,subscription,341.04,P0048
T004591,U0366,2023-12-04 14:44:00,payment,1848.85,P0149
T004593,U0230,2023-10-29 11:39:00,subscription,2689.57,P0104
T004609,U0126,2023-06-15 18:36:00,subscription lottery,12763.453449383043,P0044
T004611,U0069,2023-10-28 23:48:00,subscription,4458.0,P0035
T004612,U0321,2023-04-10 08:01:00,payment,3885.92,P0145
T004622,U0287,2023-09-01 08:40:00,donation,152.38,P0107
T004623,U0300,2023-08-17 13:21:00,donation,3002.23,P0088
T004629,U0181,2023-07-30 16:19:00,payment,4041.16,P0079
T004634,U0106,2023-06-14 09:32:00,payment,1699.24,P0078
T004639,U0480,2023-08-24 06:57:00,payment,4867.15,P0184
T004643,U0045,2023-06-01 02:37:00,purchase,1344.65,P0007
T004661,U0063,2023-10-11 10:13:00,payment,949.19,P0040
T004673,U0100,2023-11-01 23:32:00,donation,407.92,P0001
T004674,U0486,2023-06-04 14:22:00,purchase,4059.64,P0171
T004676,U0303,2023-10-12 22:01:00,subscription,4167.04,P0133
T004680,U0427,2023-09-15 08:07:00,subscription,2176.27,P0184
T004684,U0203,2023-05-18 15:40:00,purchase,2051.54,P0088
T004685,U0291,2023-06-06 22:26:00,purchase,3989.65,P0094
T004694,U0138,2023-09-09 14:14:00,payment,1082.36,P0079
T004695,U0217,2023-10-23 22:01:00,subscription,2434.34,P0110
T004708,U0375,2023-12-09 09:39:00,purchase,4469.48,P0132
T004709,U0223,2023-01-30 18:47:00,subscription,670.42,P0086
T004729,U0377,2023-10-14 15:22:00,donation,3228.09,P0155
T004736,U0219,2023-04-16 19:20:00,donation,1831.64,P0112
T004738,U0066,2023-11-01 06:40:00,subscription,2837.92,P0029
T004739,U0118,2023-11-24 00:00:00,donation,2415.51,P0066
T004740,U0024,2023-01-21 15:46:00,payment,4817.22,P0016
T004741,U0456,2023-09-17 08:58:00,purchase,3413.55,P0199
T004742,U0452,2023-08-09 10:17:00,donation,3648.47,P0186
T004746,U0296,2023-01-23 10:32:00,purchase,1262.27,P0119
T004750,U0334,2023-10-04 00:52:00,subscription,1921.9,P0144
T004765,U0273,2023-11-20 09:38:00,purchase,485.34,P0106
T004769,U0479,2023-10-07 12:57:00,donation,2924.23,P0172
T004771,U0287,2023-03-23 23:50:00,payment,220.68,P0087
T004782,U0040,2023-10-09 10:05:00,payment,1759.07,P0016
T004786,U0047,2023-03-22 06:46:00,subscription,1550.47,P0034
T004787,U0189,2023-01-29 16:01:00,donation,3154.72,P0067
T004793,U0162,2023-05-14 00:07:00,purchase,4491.83,P0045
T004797,U0387,2023-04-13 19:40:00,purchase,3889.76,P0139
T004805,U0307,2023-05-10 05:38:00,subscription,2949.45,P0156
T004813,U0412,2023-04-15 14:51:00,donation,3355.07,P0195
T004817,U0015,2023-01-21 04:49:00,payment,4331.07,P0039
T004819,U0263,2023-01-07 16:05:00,donation,3650.71,P0084
T004822,U0165,2023-07-24 12:32:00,purchase,2075.3,P0041
T004823,U0193,2023-07-25 19:10:00,purchase,2053.57,P0062
T004828,U0342,2023-02-23 21:24:00,payment,2498.12,P0160
T004840,U0202,2023-04-17 16:41:00,purchase,828.56,P0098
T004844,U0344,2023-07-05 22:55:00,payment,1355.34,P0141
T004859,U0353,2023-08-21 18:21:00,purchase,2306.93,P0154
T004860,U0391,2023-02-11 02:36:00,subscription,4225.61,P0159
T004863,U0486,2023-01-16 11:26:00,donation,2168.6,P0180
T004865,U0076,2023-01-08 19:22:00,subscription,4499.2,P0020
T004877,U0468,2023-11-19 21:19:00,payment,4171.16,P0199
T004886,U0477,2023-02-12 19:30:00,purchase,2727.27,P0184
T004900,U0138,2023-09-02 17:27:00,payment,4828.34,P0074
T004909,U0243,2023-12-29 16:30:00,subscription,2999.32,P0118
T004913,U0162,2023-01-04 05:17:00,purchase,3786.06,P0075
T004914,U0254,2023-12-06 13:21:00,purchase,1051.7,P0081
T004921,U0209,2023-12-02 16:36:00,subscription,4982.36,P0094
T004922,U0049,2023-11-21 15:02:00,purchase,748.62,P0009
T004925,U0413,2023-07-20 09:49:00,payment,1615.58,P0176
T004928,U0201,2023-03-14 16:04:00,purchase lottery,309.3900175695331,P0118
T004929,U0070,2023-10-08 09:24:00,purchase,1575.25,P0033
T004931,U0223,2023-06-28 04:34:00,donation gift,363.82184462494666,P0111
T004935,U0347,2023-06-26 06:37:00,payment,1163.29,P0131
T004945,U0276,2023-07-25 14:01:00,donation,600.88,P0113
T004946,U0357,2023-01-31 08:32:00,donation lottery,5877.309860917076,P0152
T004949,U0142,2023-09-22 11:48:00,payment,3711.22,P0060
T004957,U0490,2023-01-20 11:07:00,subscription,2053.91,P0176
T004959,U0089,2023-01-20 06:40:00,purchase,476.43,P0036
T004960,U0440,2023-08-30 08:55:00,payment,1343.49,P0188
T004971,U0221,2023-02-25 01:58:00,payment,3286.59,P0112
T004974,U0358,2023-02-03 11:20:00,subscription,2384.53,P0121
T004980,U0339,2023-03-01 23:33:00,payment,3104.04,P0135
T004983,U0019,2023-05-25 00:22:00,donation,4578.71,P0034
T004984,U0248,2023-06-15 05:54:00,subscription,1520.72,P0093
T004986,U0294,2023-08-31 02:43:00,payment,23.37,P0103
T004990,U0379,2023-09-13 03:56:00,donation,1713.37,P0133
T004994,U0030,2023-07-18 01:59:00,payment,157.71,P0027
T004997,U0287,2023-06-27 07:50:00,donation,1179.35,P0086
T004998,U0045,2023-05-01 09:00:00,payment,1171.64,P0017
